 City,Time,Polity,Region,Population (low),Population (high),Population,Area (ha),log N,log A,Density,Sources
Alexandria,330-30 BCE,Ptolamaic Egypt,Mediterranean,300000,500000,400000,1144,5.602059991,3.058426024,350,"McKenzie, Judith. 2011. The Architecture of Alexandria and Egypt, c. 300 BC to AD 700. New Haven: Yale University Press: 34, 179 (N, A). Shipley, Graham. 2014. The Greek World after Alexander 323–30 BC. 2nd ed. New York: Routledge. p. 215 (N)."
Ankor Wat,800-1600 CE,Medieval Cambodia,Southeast Asia,700000,900000,800000,3000,5.903089987,3.477121255,267,"Klassen, Sarah, Alison K Carter, Damian H Evans, Scott Ortman, Miriam T Stark, Alyssa A Loyless, Martin Polkinghorne, et al. 2021. “Diachronic Modeling of the Population within the Medieval Greater Angkor Region Settlement Complex.” Science Advances 7 (19): eabf8441."
Anyang,1250-1050 BCE,Shang China,China,100000,150000,125000,2700,5.096910013,3.431363764,46,"Liu, Li, and Xingcan Chen. 2012. The Archaeology of China: From the Late Paleolithic to the Early Bronze Age. New York: Cambridge University Press. p. 356 (A=2400 ha). Kim, Nam C. 2015. The Origins of Ancient Vietnam. New York: Oxford University Press. Table 9.6, p. 217 (A, N). Primary source for population range is in Chinese and I am unable to investigate further. "
Askum,450-600 CE,Askum,Sub-Saharran Africa,39603,50000,44801.5,180,4.651292555,2.255272505,249,"Connah, Graham. 2016. African Civilizations: An Archaeological Perspective. 3rd ed. New York: Cambridge University Press. p. 142 (N). Curtis, Matthew C. 2017. “Aksum, Town and Monuments.” In Ethiopia: History, Culture and Challenges, edited by Siegbert Uhlig, David Appleyard, Alessandro Bausi, Wolfgang Hahn, and Steven Kaplan. Lansing: Michigan State University Press. p. 106 (N, A)."
Ayutthaya,1500-1600,Kingdom of Ayutthaya (Siam),Southeast Asia,150000,300000,225000,2000,5.352182518,3.301029996,113,"Baker, Chris, and Pasuk Phongpaichit. 2017. A History of Ayutthaya: Siam in the Early Modern World. New York: Cambridge University Press. pp. 182-4 (A, N)"
Babylon,330 BCE,Achaemenid Persia,Near East,50000,100000,75000,890,4.875061263,2.949390007,84,"Ligt, Luuk de. 2013. “Population and Migration.” In The Oxford Handbook of Cities in World History, edited by Peter Clark. Oxford University Press. pp. 149-50 (A, N) citing Boiy, Late Achamenid and Hellenistic Babylon. Morris, Ian. 2006. “The Growth of Greek Cities in the First Millennium BC.” In Urbanism in the Preindustrial World: Cross-Cultural Approaches, edited by Glenn R Storey, 27–51. Tuscaloosa: University of Alabama Press: 49 (A, N)"
Bactra,256-125 BCE,Graco-Bactrian Kingdom,Central Eurasia,,,100000,520,5,2.716003344,192,"Thapar, Romila. 2003. Early India: From the Origins to AD 1300. Los Angeles: University of California Press: 248 (N). Martinez-Seve, Laurianna. 2021. “Afghan Bactria.” In The Graeco-Bactrian and Indo-Greek World, edited by Rachel Mairs, 217–48. New York: Routledge, p. 225. (A)"
Baghdad I,762-800 CE,Abbasid Caliphate,Near East,100000,100000,100000,860,5,2.934498451,116,"Hodges, Richard, and David Whitehouse. 1983. Mohammed, Charlemagne & the Origins of Europe: Archaeology and the Pirenne Thesis. Ithaca: Cornell University Press. p. 128 (A = 547-860 ha). Adams, Robert McC. 1965. Land behind Baghdad: A History of Settlement on the Diyala Plains. Chicago: University of Chicago Press. p. 89 (N); Micheau, Françoise. 2008. “Baghdad in the Abbasid Era: A Cosmopolitan and Multi-Confessional Capital.” In The City in the Islamic World, edited by Salma K. Jayyusi, 1:221–45. Boston: Brill, p. 225 (A = 490-706ha). Visual inspection of map on El-Hibri, Tayeb. 2021. The Abbasid Caliphate: A History. Cambridge University Press. p. xxxi suggests size of 4mi2 ~ 1000ha, so upper limit of estimates used."
Baghdad II,900 CE,Abbasid Caliphate,Near East,300000,500000,400000,4700,5.602059991,3.672097858,85,"Lapidus, Ira M. 2012. Islamic Societies to the Nineteenth Century: A Global History. New York: Cambridge University Press. p. 93 (N). Duri, A. A. 1986. “Baghdad.” In The Encyclopaedia of Islam, edited by H. A. R. Gibb, J. H. Kramers, E. Levi-Provencal, and J. Schacht, 2nd ed., 1:894–908. Leiden: Brill. p. 898."
Baghdad III,1000 CE,Abbasid Caliphate,Near East,300000,1500000,900000,6970,5.954242509,3.843232778,129,"Bulliet, Richard W. 2022. “The Economic Parameters of Baghdād and Its Hinterland.” In Baghdād: From Its Beginnings to the 14th Century, 316–36. Boston: Brill, p. 316 (N, A=7000ha); Micheau, Françoise. 2008. “Baghdad in the Abbasid Era: A Cosmopolitan and Multi-Confessional Capital.” In The City in the Islamic World, edited by Salma K. Jayyusi, 1:221–45. Boston: Brill, pp. 234-5 (N, A=5000 [earlier]-7000 [c 1000]); Adams, Robert McC. 1965. Land behind Baghdad: A History of Settlement on the Diyala Plains. Chicago: University of Chicago Press. p. 89 (A = 4180 [West Baghdad] + 2790 [East Baghdad, non-residential] = 6970)."
Basra,750 CE,Umayyad Empire,Near East,250000,400000,325000,3550,5.397940009,3.550228353,70,"Marsham, Andrew. 2024. The Umayyad Empire. Edinburgh University Press. p. 230 (N). Hugh Kennedy, ""Military Pay and the Economy of the Early Islamic State"", Historical Research 75 (2002), p. 156 (N). Le Strange, Guy. 1905. The Lands of the Eastern Caliphate: Mesopotamia, Persia and Central Asia from the Moslem Conquest to the Time of Timur. Cambridge University Press. p. 44 (A = 3 x ~4 miles ~ 3100 ha). Petersen, Andrew, Alastair Northedge, Frank Stremke, Martin Bates, and Ifan Edwards. 2023. “Discovering Early Islamic Basra: The Origins and Development of Iraq’s Southern Metropolis.” Journal of Material Cultures in the Muslim World 4 (1): 119–42, who give an area of 4000 ha on p. 140 (A)."
Beijing,1553 CE,Ming China,China,,,1000000,5000,6,3.698970004,200,"Mote, Frederick W., and Denis Twitchett, eds. 1998. The Cambridge History of China, Volume 7: The Ming Dynasty, 1368-1644, Part I. New York: Cambridge University Press, Map 12, p. 240 used to estimate A (=7.5km2-6). Mote, Frederick W. 1999. Imperial China, 900–1800. Cambridge: Harvard University Press, p. 763 (N)."
Bukhara,900-1000 CE,Samanid,Central Eurasia,360000,690000,525000,1000,5.720159303,3,525,"Vaissière, Étienne de la. 2017. “Early Medieval Central Asian Population Estimates.” Journal of the Economic and Social History of the Orient 60 (6): 788–817. p. 808 (N). Rante, Rocco, Florian Schwarz, and Luigi Tronca. 2022. The Oasis of Bukhara, Volume 2: An Archaeological, Sociological and Historical Study. Boston: Brill, 2022. p. 17 (A). Cf. Starr, S. Frederick. 2013. Lost Enlightenment: Central Asia’s Golden Age from the Arab Conquest to Tamerlane. Princeton University Press. p. 573 note 16 which gives 500k."
Cahokia,1100 CE,Cahokia,North America,10000,16000,13000,445,4.113943352,2.648360011,29,"Milner, George R. 1998. The Cahokia Chiefdom: The Archaeology of a Mississippian Society. Washington, DC: Smithsonian Institution Press, pp. 122-4 (A); Pauketat, Timothy R. 2009. Cahokia: Ancient America’s Great City on the Mississippi. New York: Penguin, p. 26 (N)"
Cairo I,969-1171 CE,Fatimid Egypt,Mediterranean,120000,300000,210000,300,5.322219295,2.477121255,700,"Raymond, André. 2000. Cairo. Cambridge: Harvard University Press, p. 62."
Cairo II,1412-1517 CE,Mamluk Empire,Mediterranean,150000,200000,175000,450,5.243038049,2.653212514,389,"Raymond, André. 1984. “Cairo’s Area and Population in the Early Fifteenth Century.” Muqarnas 2:21–31, p. 30. "
Chang'an,600-870 CE,Tang China,China,1000000,1000000,1000000,8075,6,3.907142531,124,"Lewis, Mark E. 2009. China’s Cosmopolitan Empire: The Tang Dynasty. Cambridge: Harvard University Press: 87 (A); Xiong, Victor. 2000. Sui-Tang Chang’an: A Study in the Urban History of Late Medieval China. Ann Arbor: Center for Chinese Studies, University of Michigan: 198 (N)."
Constantinople I,300-400 CE,Byzantium/Eastern Roman Empire,Mediterranean,25000,150000,87500,600,4.942008053,2.77815125,146,"Randsborg, Klavs. 1991. The First Millennium AD in Europe and the Mediterranean: An Archaeological Essay. New York: Cambridge University Press. p. 92 (A). Berger, Albrecht. 2022. “Urban Development and Decline, Fourth-Fifteenth Centuries.” In The Cambridge Companion to Constantinople, edited by Sarah Bassett, 33–49. New York: Cambridge University Press. p. 50 (N). Lee, Alan Douglas. 2013. From Rome to Byzantium AD 363 to 565: The Transformation of Ancient Rome. Edinburgh: Edinburgh University Press. p. 76 (N)."
Constantinople II,400-500 CE,Byzantium/Eastern Roman Empire,Mediterranean,150000,600000,375000,1270,5.574031268,3.103803721,295,"Lee, Alan Douglas. 2013. From Rome to Byzantium AD 363 to 565: The Transformation of Ancient Rome. Edinburgh: Edinburgh University Press: 73-76 (N). Kaldellis, Anthony. 2023. The New Roman Empire: A History of Byzantium. Oxford University Press. p. 21 (N). Berger, Albrecht. 2022. “Urban Development and Decline, Fourth-Fifteenth Centuries.” In The Cambridge Companion to Constantinople, edited by Sarah Bassett, 33–49. New York: Cambridge University Press, p. 40 (A). Jones, A. H. M. 1964. The Later Roman Empire 284--602: A Social, Economic, and Administrative Survey. 3 vols. Basil Blackwell. p. 698 estimates that the grain shipments from Egypt would feed 600k (N); and Wickham, Chris. 2005. Framing the Early Middle Ages: Europe and the Mediterranean, 400-800. New York: Oxford University Press, 2005. p. 73 gives a range of 300-600k."
Constantinpole III (Istanbul),1535-1886 CE,Ottoman Empire,Mediterranean,400000,850000,625000,2300,5.795880017,3.361727836,272,"Population range from census data in  Freely, John. 1998. Istanbul: The Imperial City. New York: Penguin, pp. 202, 248. Area from Dark, Ken, and Ferudun Özgümüş. 2013. Constantinople: Archaeology of a Byzantine Megapolis. Oxford: Oxbow Books, p. 3."
Cordoba,1000 CE,Umayyad dynasty of Cordova,Mediterranean,90000,100000,95000,246,4.977723605,2.390935107,386,"Glick, Thomas. 1979. Islamic and Christian Spain in the Early Middle Ages. Princeton: Princeton  University Press, p. 113 (N). Area is taken from a map created by UNESCO available at https://whc.unesco.org/en/list/313/documents/."
Ctesiphon,41-487 CE,Parthian/Sasanid Empires,Near East,400000,600000,500000,3000,5.698970004,3.477121255,167,"Pourshariati, Parvaneh. 2022. “Ctesiphon and Its Surroundings, Precursors of Baghdād.” In Baghdād: From Its Beginnings to the 14th Century, 111–42. Boston: Brill, p 112 (A). There are three convergent historical accounts relating to population: Ling-hu Te-fen (100k households = 500k) in the late sixth century (See Miller, Roy Andrew. 1959. Accounts of Western Nations in the History of the Northern Chou Dynasty. Los Angeles: University of California Press. pp. 13, 37n102), Pliny (1st cen CE, 600k), and Orosius (400k, mid 2nd century) see Cohen, Getzel M. The Hellenistic Settlements in the East from Armenia and Mesopotamia to Bactria and India. Los Angeles: University of California Press, 2013, p. 186."
Cuzco,1400-1536,Inka,South America,100000,150000,125000,1000,5.096910013,3,125,"D’Altroy, Terence N. 2015. The Incas. 2nd ed. Malden, MA: Blackwell, p. 203 (N), A estimated using Fig 7.1, p. 199."
Delhi,1650-1682 CE,Mughal India,India,400000,500000,450000,2590,5.653212514,3.413299764,174,"Asher, Catherine B, and Cynthia Talbot. 2022. India Before Europe. 2nd ed. New York: Cambridge University Press. p. 341 (N). Habib, Irfan. 1982. “Population.” In The Cambridge Economic History of India, Volume I: C. 1200-c.1750, edited by Tapan Raychaudhuri and Irfan Habib, 163–71. New York: Cambridge University Press. p. 171 (N). Keay, John. 2000. India: A History. London: HarperCollins. p. 335 (N, A)."
Edo/Tokyo,1800-1900 CE,Tokugawa/Meiji Japan,China,,,1000000,3100,6,3.491361694,323,"Jansen, Marius. 1989. “Japan in the Early Nineteenth Century.” In The Cambridge History of Japan. Volume 5: The Nineteenth Century, edited by Marius Jansen, 50–115. New York: Cambridge University Press, p. 63 (N). A estimated using 1896 map at https://en.wikipedia.org/wiki/File:Tokio1896.jpg"
Erlitou,1900-1500 BCE,Erlitou,China,18000,30000,24000,300,4.380211242,2.477121255,80,"Liu, Li, and Xingcan Chen. 2012. The Archaeology of China: From the Late Paleolithic to the Early Bronze Age. New York: Cambridge University Press: 266-70."
Great Zimbabwe,1600-1700 CE,Zimbabwe,Sub-Saharran Africa,10000,18000,14000,100,4.146128036,2,140,"Kusimba, Chapurukha. 2008. “Early African Cities: Their Role in Shaping the Urban and Rural Interaction Spheres.” In The Ancient City: New Perspectives on Urbanism in the Old and New World, edited by Joyce Marcus and Jeremy A. Sabloff, 229–46. Santa Fe: School for Advanced Research, p. 235."
Hangzhou,1129-1279 CE,Southern Song,China,800000,1200000,1000000,1350,6,3.130333768,741,"See range of population estimates given by Bairoch, Kuhn, Skinner, and other in Morris, Ian. 2013. The Measure of Civilization: How Social Development Decides the Fate of Nations. Princeton, NJ: Princeton University Press, pp. 156-7. Area estimated from Map 9, p. 206 in Kuhn, Dieter. 2011. The Age of Confucian Rule: The Song Transformation of China. Cambridge: Harvard University Press."
Hattusa,1400-1180 BCE,Hittite Empire,Near East,9000,15000,12000,181,4.079181246,2.257678575,66,"Mielke, Dirk Paul. 2011. “Hittite Cities: Looking for a Concept.” In Insights into Hittite History and Archaeology, edited by Hermann Genz and Dirk Paul Mielke, 153–94. Leuven: Peeters. pp. 183-4. "
Heijō-kyō,700-800 CE,Nara (Japan),China,,,200000,2000,5.301029996,3.301029996,100,"Kojiro, Naoki. 1993. “The Nara State.” In The Cambridge History of Japan, Volume 1: Ancient Japan, edited by John W. Hall, Marius B. Jansen, Madoka Kanai, and Denis Twitchett, 221–67. New York: Cambridge University Press. p. 244 (N, A). Area given as 1/4 of Chang'an ~ 2000ha."
Hierakonpolis,3000 BCE,Hierakonpolis,Mediterranean,5000,10000,7500,34.5,3.875061263,1.537819095,217,"Hoffman, Michael A., Hany A. Hamroush, and Ralph O. Allen. 1986. “A Model of Urban Development for the Hierakonpolis Region from Predynastic through Old Kingdom Times.” Journal of the American Research Center in Egypt 23:175–87."
Jenne-Jeno,500-1000 CE,Jenne-Jeno,Sub-Saharran Africa,15183,26724,20953.5,98.7,4.321256576,1.994317153,212,"Kusimba, Chapurukha, Sibel Barut Kusimba, and Babatunde Agbaje-Williams. 2006. “Precolonial African Cities.” In Urbanism in the Preindustrial World: Cross-Cultural Approaches, edited by Glenn R Storey, 147–58. Tuscaloosa: University of Alabama Press. Table 8-3, p. 152."
Jiankang,313-589 CE,Eastern Jin/Southern Dynasties China,China,500000,825000,662500,2387,5.821185883,3.377852419,278,"Chittick, Andrew. 2020. The Jiankang Empire in Chinese and World History. New York: Oxford University Press: 360 (N); Steinhardt, Nancy Shatzman. 1999. Chinese Imperial City Planning. Honolulu: University of Hawaii Press: 190-1 note 3: (A, square layout with walls of perimeter 47 li * .4158 km/li [https://en.wikipedia.org/wiki/Li_(unit)] = 19.54 km; (19.54/4)^2 = 23.87 km sq)."
Kaifeng,976-1103 CE,Northern Song,China,890000,1300000,1095000,8400,6.039414119,3.924279286,130,"Kuhn, Dieter. 2011. The Age of Confucian Rule: The Song Transformation of China. Cambridge: Harvard University Press. p. 195."
Knossos,1450-1300 BCE,Minoan Crete,Mediterranean,14000,18000,16000,70,4.204119983,1.84509804,229,"Whitelaw, Todd. 2004. “Estimating the Population of Neopalatial Knossos.” In Knossos: Palace, City, State, edited by G. Cadogan, E. Hatzaki, and A. Vasilaki, 147–58. London: British School at Athens Studies."
Kultepe/Kanesh,2050-1500 BCE,Kanesh (Anatolia),Near East,,,25000,170,4.397940009,2.230448921,147,"Barjamovic, Gojko. 2014. “The Size of Kanesh and the Demography of Early Middle Bronze Age Anatolia.” In Current Research at Kültepe/Kanesh: An Interdisciplinary and Integrative Approach to Trade Networks, Internationalism, and Identity, edited by Levent Atici, Fikri Kulakoglu, Andrew Fairbairn, and Gojko Barjamovic, 55–68. Exeter: University of Exeter Press."
Kyoto,794-1185 CE,Heian Japan,China,70000,150000,110000,1196.5,5.041392685,3.077912703,92,"McCullough, William H. 1999. “The Capital and Its Society.” In The Cambridge History of Japan, edited by Donald H. Shively and William H. McCullough, 2:97–182. New York: Cambridge University Press. N: pp. 121-2; A = 9.24 sq. miles = 2393 ha, p. 102;  A = 1/2 planned, pp. 172-3."
Lagash,3000-2600 BCE,Lagash (Early Dynastic I Mesopotamia),Near East,60000,120000,90000,600,4.954242509,2.77815125,150,"McMahon, Augusta, et al. 2023. “Dense Urbanism and Economic Multi-Centrism at Third-Millennium BC Lagash.” Antiquity 97 (393): 596–615."
London I,1000-1100 CE,Norman England,Europe,10000,20000,15000,133,4.176091259,2.123851641,113,"Sheppard, Francis. 1998. London: A History. New York: Oxford University Press, 1998. p. 84 (N=10-20k), p. 37 (A=walled area of Roman Londinium, which had slightly larger population and settled area, see p. 35, Porter, Roy. 1994. London: A Social History. Cambridge: Harvard University Press, 1994. pp. 41-2."
London II,1300-1400 CE,Medieval England,Europe,,,70000,333,4.84509804,2.522444234,210,"Cesaretti, Rudolf, José Lobo, Luís M.A. Bettencourt, Scott G. Ortman, and Michael E. Smith. 2016. “Population-Area Relationship for Medieval European Cities.” PloS One 11:e0162678."
London III,1700-1800 CE,British Empire,Europe,575000,900000,737500,1615,5.867762025,3.208172527,457,"Porter, Roy. 1994. London: A Social History. Cambridge: Harvard University Press, p. 131 (N). Area estimated from 1746 map of London available at https://en.wikipedia.org/wiki/John_Rocque%27s_maps_of_London"
Loyang,25-190 CE,Eastern Han,China,264195,500000,382097.5,1010,5.582174196,3.004321374,378,"Bielenstein, Hans. 1976. “Lo-Yang in Later Han Times.” Bulletin of The Museum of Far Eastern Antiquities, no. 48, 1–142. (https://archive.org/details/bulletin-48/page/20/mode/2up)"
Memphis,2650-2350 BCE,Old Kingdom Egypt,Mediterranean,,,6000,31,3.77815125,1.491361694,194,"Mumford, Gregory D. 2010. “Settlements–Distribution, Structure, Architecture: Pharaonic.” In A Companion to Ancient Egypt, edited by Alan B. Lloyd, 1:326–69. Maldon: Wiley-Blackwell. Table 18.1, p. 331."
Merv,1000-1100 CE,Seljuk Empire,Central Eurasia,150000,200000,175000,1000,5.243038049,3,175,"Peacock, A. C. S. 2015. The Great Seljuk Empire. Edinburgh: Edinburgh University Press, p. 302 (N). Starr, S. Frederick. 2013. Lost Enlightenment: Central Asia’s Golden Age from the Arab Conquest to Tamerlane. Princeton University Press. p. 544 note 13 (N). Williams, Tim, and Kakamurad Kurbansakhatov. 2002. “The Ancient Merv Project, Turkmenistan Preliminary Report on the First Season (2001).” Iran 40 (1): 15–41. p. 15 (A)."
Mojenodaro,2600-1800 BCE,Harrapa,India,,,41250,250,4.615423953,2.397940009,165,"Kenoyer, Jonathan M. 1998. Ancient Cities of the Indus Valley Civilization. New York: Oxford University Press: p. 50."
Monte Alban,400-600 CE,Zapotec,Mesoamerica,15108,30216,22662,650,4.355298235,2.812913357,35,"Blanton, Richard. 1978. Monte Albán: Settlement Patterns at the Ancient Zapotec Capital. New York: Academic Press: Table 4.1 p. 68 (N), p. 44 (A)."
Nanjing,1373 CE,Ming China,China,,,1000000,2600,6,3.414973348,385,"Mote, Frederick W. 1977. “The Transformation of Nanking, 1350-1400.” In The City in Late Imperial China, edited by G. William Skinner, 101–54. Standford, CA: Stanford University Press: 138 (N). A estimated as 10 sq. miles ~ 2600 ha using Mote, Frederick W., and Denis Twitchett, eds. 1998. The Cambridge History of China, Volume 7: The Ming Dynasty, 1368-1644, Part I. New York: Cambridge University Press, Map 3, p. 75."
Ninevah,705-681 BCE,Neo-Assyrian Empire,Near East,70000,120000,95000,750,4.977723605,2.875061263,127,"Frahm, Eckart. 2008. “The Great City: Nineveh in the Age of Sennacherib.” Journal of the Canadian Society for Mesopotamian Studies 3:13–20. (A, N). Liverani, Mario. 2013. The Ancient Near East: History, Society and Economy. New York: Routledge. p. 497. (N)"
Nishapur,1000 CE,Abbasid Caliphate,Central Eurasia,168000,336000,252000,1680,5.401400541,3.225309282,150,"Bulliet, Richard W. 2018. “Why Nishapur?” Eurasian Studies 16 (1–2): 100–123, p. 103"
Palermo,1270 CE,Kingdom of Sicily,Mediterranean,,,50000,200,4.698970004,2.301029996,250,"Bresc, Henri. 2013. “Palermo in the 14th-15th Century: Urban Economy and Trade.” In A Companion to Medieval Palermo: The History of a Mediterranean City from 600 to 1500, edited by Anneliese Nef, 235–68. Boston: Brill. p. 236."
Paris I,600-1200 CE,Merovingian/Carolingian kingdoms,Europe,10000,30000,20000,272,4.301029996,2.434568904,74,"Geary, Patrick J. 1988. Before France and Germany: The Creation and Transformation of the Merovingian World. New York: Oxford University Press, 1988. p. 98 (N). Kibler, William W, Grover A Zinn, Lawrence Earp, and John Henneman, eds. 2013. Medieval France: An Encyclopedia. New York: Routledge, 2013. p. 1316 (N). Bairoch, Paul. 1991. Cities and Economic Development: From the Dawn of History to the Present. Chicago: University of Chicago Press, 1991. p.119 (N = 20-25k , c. 1000). I assume the area enclosed by the Phililp Augustus Wall (finished c. 1200) enclosed all of the possible built-up area at this time, see: Jones, Colin. 2004. Paris: Biography of a City. New York: Allen Lane, 2004. p. 545."
Paris II,1300-1400 CE,Capetian/Valois France,Europe,,,200000,800,5.301029996,2.903089987,250,"Cesaretti, Rudolf, José Lobo, Luís M.A. Bettencourt, Scott G. Ortman, and Michael E. Smith. 2016. “Population-Area Relationship for Medieval European Cities.” PloS One 11:e0162678."
Patilipurtra,600-300 BCE,Mauryan Empire,India,,,400000,2200,5.602059991,3.342422681,182,"Coningham, Robin, and Ruth Young. 2015. The Archaeology of South Asia: From the Indus to Asoka, c. 6500 BCE–200 CE. New York: Cambridge University Press: 419."
Pi-Ramesses,1293-1070 BCE,New Kingdom Egypt - Ramesside Period,Mediterranean,250000,300000,275000,1800,5.439332694,3.255272505,153,"Moreno García, Juan Carlos. 2014. “Invaders or Just Herders? Libyans in Egypt in the Third and Second Millennia BCE.” World Archaeology 46 (4): 610–23, p. 620. Alternate estimates of 100000/350ha are given in Mumford 2010:Table 18.1"
Rome I,600-500 BCE,Roman Kingdom,Mediterranean,25000,40000,32500,285,4.511883361,2.45484486,114,"Cornell, T. J. 1995. The Beginnings of Rome: Italy and Rome from the Bronze Age to the Punic Wars (c. 1000--264 BC). New York: Routledge, 204, 207 (A, N)."
Rome II,400-300 BCE,Roman Republic,Mediterranean,30000,60000,45000,427,4.653212514,2.630427875,105,"Cornell, T. J. 1995. The Beginnings of Rome: Italy and Rome from the Bronze Age to the Punic Wars (c. 1000--264 BC). New York: Routledge, 204 (A). Lomas, Kathryn. 2018. The Rise of Rome: From the Iron Age to the Punic Wars. Cambridge: Harvard University Press, 221 (N)."
Rome III,200-300 CE,Roman Empire,Mediterranean,650000,1000000,825000,1783,5.916453949,3.251151343,463,"Morley, Neville. 2013. “Population Size and Social Structure.” In The Cambridge Companion to Ancient Rome, edited by Paul Erdkamp, 29–44. New York: Cambridge University Press: 33, 42 (N); Hanson, John W, and Scott G Ortman. 2017. “A Systematic Method for Estimating the Populations of Greek and Roman Settlements.” Journal of Roman Archaeology 30:301–24: Table 6 (A). See also map of Imperial Rome in Kulikowski, Michael. 2016. The Triumph of Empire: The Roman World from Hadrian to Constantine. Harvard University Press, p. 69 which yields an estimated (4 x 4.5 km) 1800 ha."
Rome IV,400-450 CE,Western Roman Empire,Mediterranean,300000,700000,500000,1372,5.698970004,3.137354111,364,"Wickham, Chris. 2005. Framing the Early Middle Ages: Europe and the Mediterranean, 400-800. New York: Oxford University Press, 2005. p. 73 (N). Claridge, Amanda. 2010. Rome: An Oxford Archaeological Guide. 2nd ed. New York: Oxford University Press, 2010. p. 61 (A). I assume the entire population was now contained within the Aurelian Walls."
Samarkand,1400-1500 CE,Timirid Empire,Central Eurasia,,,150000,510,5.176091259,2.707570176,294,"Wood, Frances. 2002. The Silk Road: Two Thousand Years in the Heart of Asia. Los Angeles: University of California Press, p. 138 (A). Marozzi, Justin. 2006. Tamerlane: Sword of Islam, Conqueror of the World. Cambridge: Da Capo Press, p. 201 (N)."
Samarra,835-893 CE,Abbasid Caliphate,Near East,,,1000000,6800,6,3.832508913,147,"Adams, Robert McC. 1965. Land behind Baghdad: A History of Settlement on the Diyala Plains. Chicago: University of Chicago Press, 1965. pp. 90 (N), 88 (A).  "
Seleucia,305 BCE,Seleucid Empire,Near East,50000,100000,75000,550,4.875061263,2.740362689,136,"Aperghis, Gerassimos George. 2004. The Seleukid Royal Economy: The Finances and Financial Administration of the Seleukid Empire. New York: Cambridge University Press, pp. 37, 95. Cf. Adams 1965:72 that gives an area of 540."
Taxila-Sirsukh,100-200 CE,Kushan Empire,Central Eurasia,59400,118800,89100,165,4.949877704,2.217483944,540,"Smith, Monica L. 2006. “The Archaeology of South Asian Cities.” Journal of Archaeological Research 14:97–142. p. 121 (A). The nearby contemporaneous settlement of Vichi (26 ha) has a residential density of 36 houses per hectare which was used here with households having 10-20 persons, see Litvinsky, B. A., and Janos Harmatta, eds. 1994. “Cities and Urban Life in the Kushan Kingdom.” In History of Civilizations of Central Asia, Volume II: The Development of Sedentary and Nomadic Civilizations: 700 B.C. to A.D. 250, 289–312. Paris: UNESCO Publishing, pp. 291-4."
Tehran,1861 CE,Qaqar dynasty,Near East,80000,120000,100000,777,5,2.890421019,129,"Bosworth, Clifford E. 2007. “Tehran.” In Historic Cities of the Islamic World, edited by Clifford E. Bosworth, 503–20. Leiden: Brill. p. 508"
Tenochtitlan,1325-1519 CE,Aztec,Mesoamerica,,,212500,1350,5.327358934,3.130333768,157,"Smith, Michael E. 2008. Aztec City-State Capitals. Gainesville: University of Florida Press: 28, Table 2.1; 151-3, Table 6.1."
Teotihuacan,250-550 CE,Teotihuacan,Mesoamerica,26000,140000,83000,1811,4.919078092,3.25791845,46,"Cowgill, George L. 2015. Ancient Teotihuacan: Early Urbanism in Central Mexico. New York: Cambridge University Press: pp. 140-3 (N), 154 (A). "
Thebes,1200-1500 BCE,Middle Kingdom Egypt,Mediterranean,,19000,19000,75,4.278753601,1.875061263,253,"Moeller, Nadine. 2016. The Archaeology of Urbanism in Ancient Egypt: From the Predynastic Period to the End of the Middle Kingdom. New York: Cambridge University Press, p. 305 (A). Population range calculated by assuming 1/2 of the area is residential (see Figure 8.38, p. 303), houses are 100m^2 + 1.5m on either side for streets = 132.25m2 (as are found throughout Middle Kingdom settlements (see pp. 315-16, 347-350), and households = 5 persons."
Tiwanaku,400-600 CE,Tiwanaku,South America,30000,60000,45000,385,4.653212514,2.58546073,117,"Bandy, Matthew S. 2013. “Demographic Dimensions of Tiwanaku Urbanism.” In Advances in Titicaca Basin Archaeology, edited by Alexei Vranich and Abigail R. Levine, 2:79–87. Los Angeles: Cotsen Institute of Archaeology, University of California. (A). Kolata, Alan, and Carlos Ponce Sanginés. 1992. “Tiwanaku: The City at the Center.” In The Ancient Americas: Art from Sacred Landscapes, edited by Richard F. Townsend, 317–34. Munich: The Art Institute of Chicago and Prestel Verlag. (N)"
Tyre,600-800 BCE,Phoenicia (Tyre-Sidon Kingdom),Mediterranean,,,30000,127,4.477121255,2.103803721,236,"Aubet, Maria Eugenia. 2001. The Phoenicians and the West: Politics, Colonies and Trade. 2nd ed. New York: Cambridge University Press: 34."
Ur,2100-2000 BCE,Ur III dynasty,Near East,18000,27000,22500,108,4.352182518,2.033423755,208,"Hammer, Emily, and Angelo Di Michele. 2023. “The Suburbs of the Early Mesopotamian City of Ur (Tell al-Muqayyar, Iraq).” American Journal of Archaeology 127 (4): 449–79. p. 460 (A). Average house size of 100m^2 estimated from Woolley, Leonard, and Max Mallowan. 1976. Ur Excavations, Volume VII: The Old Babylonian Period. London: British Museum Publications Limited. Population is calculated as 33-50% of the settlement is residential area and there are 5 persons per household."
Uruk,3500 BCE,Uruk Mesopotaia,Near East,,,40000,250,4.602059991,2.397940009,160,"Algaze, Guillermo. 2013. “The End of Prehistory and the Uruk Period.” In The Sumerian World, edited by Harriet Crawford. New York: Routledge, p. 74"
Venice,1300 CE,Republic of Venice,Europe,,,120000,700,5.079181246,2.84509804,171,"Lane, Frederic Chapin. 1973. Venice, a Maritime Republic. Baltimore: Johns Hopkins University Press, p. 18 (N). Ferraro, Joanne M. 2012. Venice: History of the Floating City. New York: Cambridge University Press, pp. 19 (N), 99 (A). "
Vijayanagara,1350-1550 CE,Vijayanagaran Empire,India,300000,400000,350000,2500,5.544068044,3.397940009,140,"Asher, Catherine B, and Cynthia Talbot. 2022. India Before Europe. 2nd ed. New York: Cambridge University Press. p. 94."
Xianyang,350-206 BCE,Qin China,China,600000,700000,650000,4824,5.812913357,3.683407299,135,"Lewis, Mark E. 2007. The Early Chinese Empires: Qin and Han. Cambridge: Harvard University Press, p. 89 (120,000 households and others resettled in Xianyang). Xu, Hong. 2021. Dynamic Interpretation of Early Cities in Ancient China. Singapore: Springer, p. 54 (A)."